item_index,item,footprint,footprint_type
Afghanistan,Bovine Meat,103.58075663114975,mg_abx
Afghanistan,Mutton & Goat Meat,209.73395230377355,mg_abx
Afghanistan,Pigmeat,155.64850775466667,mg_abx
Afghanistan,Poultry Meat,8.381442952499317,mg_abx
Albania,Bovine Meat,135.2309904387717,mg_abx
Albania,Mutton & Goat Meat,343.83297723185206,mg_abx
Albania,Pigmeat,179.3615952656695,mg_abx
Albania,Poultry Meat,31.512174182724657,mg_abx
Algeria,Bovine Meat,32.47656427504884,mg_abx
Algeria,Mutton & Goat Meat,97.87473400377357,mg_abx
Algeria,Pigmeat,57.89796888753089,mg_abx
Algeria,Poultry Meat,12.979593285938856,mg_abx
Andorra,Bovine Meat,135.22841920114973,mg_abx
Andorra,Mutton & Goat Meat,343.8313571943396,mg_abx
Angola,Bovine Meat,43.345037193149764,mg_abx
Angola,Mutton & Goat Meat,97.87473400377357,mg_abx
Angola,Pigmeat,39.81350475943748,mg_abx
Angola,Poultry Meat,15.558454973985308,mg_abx
Anguilla,Bovine Meat,102.51942941914976,mg_abx
Anguilla,Mutton & Goat Meat,777.3906488,mg_abx
Antigua and Barbuda,Bovine Meat,103.34940158514975,mg_abx
Antigua and Barbuda,Mutton & Goat Meat,777.3906488,mg_abx
Antigua and Barbuda,Pigmeat,392.5464726601095,mg_abx
Antigua and Barbuda,Poultry Meat,49.71347002085294,mg_abx
Argentina,Bovine Meat,101.66439088015792,mg_abx
Argentina,Mutton & Goat Meat,777.3906488,mg_abx
Argentina,Pigmeat,287.8547565939157,mg_abx
Argentina,Poultry Meat,47.75640161331832,mg_abx
Armenia,Bovine Meat,134.27327972314976,mg_abx
Armenia,Mutton & Goat Meat,343.8313571943396,mg_abx
Armenia,Pigmeat,176.72401688511735,mg_abx
Armenia,Poultry Meat,52.06785946638726,mg_abx
Aruba,Bovine Meat,102.51942941914976,mg_abx
Aruba,Mutton & Goat Meat,777.3906488,mg_abx
Aruba,Pigmeat,379.27384682715035,mg_abx
Aruba,Poultry Meat,49.40365130865097,mg_abx
Australia,Bovine Meat,232.0343451594921,mg_abx
Australia,Mutton & Goat Meat,681.5703367578036,mg_abx
Australia,Pigmeat,460.6375003148999,mg_abx
Australia,Poultry Meat,91.5495943225427,mg_abx
Austria,Bovine Meat,14.374857081292511,mg_abx
Austria,Mutton & Goat Meat,111.7642565241446,mg_abx
Austria,Pigmeat,45.46628699311719,mg_abx
Austria,Poultry Meat,14.561475123125224,mg_abx
Azerbaijan,Bovine Meat,144.10951878514976,mg_abx
Azerbaijan,Mutton & Goat Meat,343.8313571943396,mg_abx
Azerbaijan,Pigmeat,194.12663948154187,mg_abx
Azerbaijan,Poultry Meat,46.082975346643224,mg_abx
Bahamas,Bovine Meat,104.33498102514976,mg_abx
Bahamas,Mutton & Goat Meat,777.3906488,mg_abx
Bahamas,Pigmeat,445.43488549807097,mg_abx
Bahamas,Poultry Meat,51.58124172431167,mg_abx
Bahrain,Bovine Meat,103.58075663114975,mg_abx
Bahrain,Mutton & Goat Meat,209.73395230377355,mg_abx
Bahrain,Pigmeat,155.64850775466667,mg_abx
Bahrain,Poultry Meat,37.543148208021165,mg_abx
Bangladesh,Bovine Meat,222.11759606314973,mg_abx
Bangladesh,Mutton & Goat Meat,681.5694554056603,mg_abx
Bangladesh,Pigmeat,98.05850104746668,mg_abx
Bangladesh,Poultry Meat,37.394693462813265,mg_abx
Barbados,Bovine Meat,103.45183539114976,mg_abx
Barbados,Mutton & Goat Meat,777.3906488,mg_abx
Barbados,Pigmeat,369.95048647500363,mg_abx
Barbados,Poultry Meat,48.998168589007555,mg_abx
Belarus,Bovine Meat,132.7353399502885,mg_abx
Belarus,Mutton & Goat Meat,344.1927963561064,mg_abx
Belarus,Pigmeat,184.04437300289544,mg_abx
Belarus,Poultry Meat,51.24515525468732,mg_abx
Belgium,Bovine Meat,59.946644972,mg_abx
Belgium,Mutton & Goat Meat,151.16451916037735,mg_abx
Belgium,Pigmeat,80.90197012133333,mg_abx
Belgium,Poultry Meat,26.306034135625,mg_abx
Belize,Bovine Meat,103.38165918750049,mg_abx
Belize,Mutton & Goat Meat,777.3906488,mg_abx
Belize,Pigmeat,297.62555157731094,mg_abx
Belize,Poultry Meat,48.716918157494845,mg_abx
Benin,Bovine Meat,42.956513436736,mg_abx
Benin,Mutton & Goat Meat,97.87473400377357,mg_abx
Benin,Pigmeat,26.926789836729935,mg_abx
Benin,Poultry Meat,8.631008159613646,mg_abx
Bermuda,Bovine Meat,102.51942941914976,mg_abx
Bermuda,Mutton & Goat Meat,777.3906488,mg_abx
Bermuda,Pigmeat,382.10649247940967,mg_abx
Bermuda,Poultry Meat,49.61281069175171,mg_abx
Bhutan,Bovine Meat,217.00103039714975,mg_abx
Bhutan,Mutton & Goat Meat,681.5694554056603,mg_abx
Bhutan,Pigmeat,281.75075141727996,mg_abx
Bhutan,Poultry Meat,82.99552195411161,mg_abx
Bolivia (Plurinational State of),Bovine Meat,102.31260943505575,mg_abx
Bolivia (Plurinational State of),Mutton & Goat Meat,777.3906488,mg_abx
Bolivia (Plurinational State of),Pigmeat,314.14457284461076,mg_abx
Bolivia (Plurinational State of),Poultry Meat,44.83391070334372,mg_abx
Bosnia and Herzegovina,Bovine Meat,135.1779526282456,mg_abx
Bosnia and Herzegovina,Mutton & Goat Meat,343.8375866988343,mg_abx
Bosnia and Herzegovina,Pigmeat,182.59133562404006,mg_abx
Bosnia and Herzegovina,Poultry Meat,50.93551863989948,mg_abx
Botswana,Bovine Meat,39.747619690550536,mg_abx
Botswana,Mutton & Goat Meat,97.87473400377357,mg_abx
Botswana,Pigmeat,15.1415116306,mg_abx
Botswana,Poultry Meat,15.255090827143825,mg_abx
Brazil,Bovine Meat,101.370496394,mg_abx
Brazil,Mutton & Goat Meat,777.3906488,mg_abx
Brazil,Pigmeat,243.4257687836,mg_abx
Brazil,Poultry Meat,46.265515378749996,mg_abx
British Virgin Islands,Bovine Meat,102.51942941914976,mg_abx
British Virgin Islands,Mutton & Goat Meat,777.3906488,mg_abx
Brunei Darussalam,Bovine Meat,181.80446400714976,mg_abx
Brunei Darussalam,Mutton & Goat Meat,681.5694554056603,mg_abx
Brunei Darussalam,Pigmeat,505.465214326181,mg_abx
Brunei Darussalam,Poultry Meat,78.45515728038531,mg_abx
Bulgaria,Bovine Meat,120.037096684,mg_abx
Bulgaria,Mutton & Goat Meat,289.97796970566037,mg_abx
Bulgaria,Pigmeat,162.70280288993197,mg_abx
Bulgaria,Poultry Meat,48.76297622916667,mg_abx
Burkina Faso,Bovine Meat,42.9267520503701,mg_abx
Burkina Faso,Mutton & Goat Meat,97.87473400377357,mg_abx
Burkina Faso,Pigmeat,18.84449986881106,mg_abx
Burkina Faso,Poultry Meat,3.6670762724538855,mg_abx
Burundi,Bovine Meat,41.66711911785581,mg_abx
Burundi,Mutton & Goat Meat,97.87473400377357,mg_abx
Burundi,Pigmeat,20.527115722227567,mg_abx
Burundi,Poultry Meat,4.713491840044459,mg_abx
Cabo Verde,Bovine Meat,40.50569732714976,mg_abx
Cabo Verde,Mutton & Goat Meat,97.87473400377357,mg_abx
Cabo Verde,Pigmeat,15.204944618938281,mg_abx
Cabo Verde,Poultry Meat,13.682854371337221,mg_abx
Cambodia,Bovine Meat,223.23585807387795,mg_abx
Cambodia,Mutton & Goat Meat,681.5694554056603,mg_abx
Cambodia,Pigmeat,170.0540326332362,mg_abx
Cambodia,Poultry Meat,47.08212458225431,mg_abx
Cameroon,Bovine Meat,58.38537117914976,mg_abx
Cameroon,Mutton & Goat Meat,174.9134406698113,mg_abx
Cameroon,Pigmeat,49.011860697275054,mg_abx
Cameroon,Poultry Meat,15.528448894673833,mg_abx
Canada,Bovine Meat,91.6744681551843,mg_abx
Canada,Mutton & Goat Meat,197.98381067909074,mg_abx
Canada,Pigmeat,160.6301306147355,mg_abx
Canada,Poultry Meat,37.18002122627385,mg_abx
Central African Republic,Bovine Meat,42.58339738914976,mg_abx
Central African Republic,Mutton & Goat Meat,97.87473400377357,mg_abx
Central African Republic,Pigmeat,21.66938925453781,mg_abx
Central African Republic,Poultry Meat,7.308759655060063,mg_abx
Chad,Bovine Meat,43.22342175914976,mg_abx
Chad,Mutton & Goat Meat,97.87473400377357,mg_abx
Chad,Pigmeat,14.736327592148584,mg_abx
Chad,Poultry Meat,3.719210031396412,mg_abx
Chile,Bovine Meat,442.52283093427,mg_abx
Chile,Mutton & Goat Meat,1039.3845324113208,mg_abx
Chile,Pigmeat,181.7886306582594,mg_abx
Chile,Poultry Meat,30.140530673456208,mg_abx
"China, Hong Kong SAR",Bovine Meat,222.11566369599998,mg_abx
"China, Hong Kong SAR",Mutton & Goat Meat,681.5694554056603,mg_abx
"China, Hong Kong SAR",Pigmeat,470.1360526897287,mg_abx
"China, Hong Kong SAR",Poultry Meat,89.10213199595432,mg_abx
"China, Macao SAR",Bovine Meat,222.11566369599998,mg_abx
"China, Macao SAR",Mutton & Goat Meat,681.5694554056603,mg_abx
"China, Macao SAR",Pigmeat,470.37688772100887,mg_abx
"China, Macao SAR",Poultry Meat,89.06897633098203,mg_abx
"China, Taiwan Province of",Bovine Meat,222.69349167966826,mg_abx
"China, Taiwan Province of",Mutton & Goat Meat,681.7018640710066,mg_abx
"China, mainland",Bovine Meat,377.69843827831124,mg_abx
"China, mainland",Mutton & Goat Meat,999.3080903759814,mg_abx
"China, mainland",Pigmeat,368.0221496847488,mg_abx
"China, mainland",Poultry Meat,115.99593234069471,mg_abx
Colombia,Bovine Meat,102.02738457434435,mg_abx
Colombia,Mutton & Goat Meat,777.3906488,mg_abx
Colombia,Pigmeat,215.60779893752624,mg_abx
Colombia,Poultry Meat,47.335026079090625,mg_abx
Comoros,Bovine Meat,42.5930987408978,mg_abx
Comoros,Mutton & Goat Meat,97.87473400377357,mg_abx
Comoros,Pigmeat,73.30152828799999,mg_abx
Comoros,Poultry Meat,8.299961023818991,mg_abx
Congo,Bovine Meat,40.81951566514976,mg_abx
Congo,Mutton & Goat Meat,97.87473400377357,mg_abx
Congo,Pigmeat,26.54052718859156,mg_abx
Congo,Poultry Meat,10.964977794356383,mg_abx
Cook Islands,Bovine Meat,222.11759606314973,mg_abx
Cook Islands,Mutton & Goat Meat,681.5694554056603,mg_abx
Costa Rica,Bovine Meat,102.31769647632998,mg_abx
Costa Rica,Mutton & Goat Meat,777.3906488,mg_abx
Costa Rica,Pigmeat,344.5272408695146,mg_abx
Costa Rica,Poultry Meat,48.57471487183891,mg_abx
Croatia,Bovine Meat,58.465561504,mg_abx
Croatia,Mutton & Goat Meat,136.89095983396226,mg_abx
Croatia,Pigmeat,61.14065210197333,mg_abx
Croatia,Poultry Meat,23.211026260243443,mg_abx
Cuba,Bovine Meat,103.35055546570788,mg_abx
Cuba,Mutton & Goat Meat,777.3906488,mg_abx
Cyprus,Bovine Meat,292.10688055,mg_abx
Cyprus,Mutton & Goat Meat,973.5877091207548,mg_abx
Cyprus,Pigmeat,476.049565926896,mg_abx
Cyprus,Poultry Meat,140.85572356282063,mg_abx
Czechia,Bovine Meat,42.120160388,mg_abx
Czechia,Mutton & Goat Meat,163.587049045283,mg_abx
Czechia,Pigmeat,59.13849451726933,mg_abx
Czechia,Poultry Meat,17.835010546180555,mg_abx
Côte d'Ivoire,Bovine Meat,42.27441744934917,mg_abx
Côte d'Ivoire,Mutton & Goat Meat,97.87473400377357,mg_abx
Côte d'Ivoire,Pigmeat,41.822126844014164,mg_abx
Côte d'Ivoire,Poultry Meat,13.876243099303942,mg_abx
Democratic People's Republic of Korea,Bovine Meat,222.50420667378927,mg_abx
Democratic People's Republic of Korea,Mutton & Goat Meat,681.5694554056603,mg_abx
Democratic Republic of the Congo,Bovine Meat,41.82072011114976,mg_abx
Democratic Republic of the Congo,Mutton & Goat Meat,97.87473400377357,mg_abx
Democratic Republic of the Congo,Pigmeat,35.30846535187744,mg_abx
Democratic Republic of the Congo,Poultry Meat,5.892802963239232,mg_abx
Denmark,Bovine Meat,28.959786718,mg_abx
Denmark,Mutton & Goat Meat,2998.644080373585,mg_abx
Denmark,Pigmeat,26.964401144,mg_abx
Denmark,Poultry Meat,7.908195778138889,mg_abx
Djibouti,Bovine Meat,41.85109021114976,mg_abx
Djibouti,Mutton & Goat Meat,97.87473400377357,mg_abx
Djibouti,Pigmeat,73.30152828799999,mg_abx
Djibouti,Poultry Meat,13.124917244963674,mg_abx
Dominica,Bovine Meat,103.13395352295449,mg_abx
Dominica,Mutton & Goat Meat,777.3906488,mg_abx
Dominica,Pigmeat,328.90888910665234,mg_abx
Dominica,Poultry Meat,47.6421105137875,mg_abx
Dominican Republic,Bovine Meat,102.76586737523743,mg_abx
Dominican Republic,Mutton & Goat Meat,777.3906488,mg_abx
Dominican Republic,Pigmeat,366.1596935320555,mg_abx
Dominican Republic,Poultry Meat,48.842687297314455,mg_abx
Ecuador,Bovine Meat,102.13477754661196,mg_abx
Ecuador,Mutton & Goat Meat,777.3906488,mg_abx
Ecuador,Pigmeat,294.9041977699417,mg_abx
Ecuador,Poultry Meat,46.324978863627635,mg_abx
Egypt,Bovine Meat,35.33157159314976,mg_abx
Egypt,Mutton & Goat Meat,97.87473400377357,mg_abx
Egypt,Pigmeat,59.63688286204554,mg_abx
Egypt,Poultry Meat,10.621137773254004,mg_abx
El Salvador,Bovine Meat,103.26046020068195,mg_abx
El Salvador,Mutton & Goat Meat,777.3906488,mg_abx
El Salvador,Pigmeat,236.74523986260897,mg_abx
El Salvador,Poultry Meat,46.776292746124255,mg_abx
Equatorial Guinea,Bovine Meat,39.22022145314976,mg_abx
Equatorial Guinea,Mutton & Goat Meat,97.87473400377357,mg_abx
Equatorial Guinea,Pigmeat,65.30472492312491,mg_abx
Equatorial Guinea,Poultry Meat,15.098096540669223,mg_abx
Eritrea,Bovine Meat,41.85109021114976,mg_abx
Eritrea,Mutton & Goat Meat,97.87473400377357,mg_abx
Estonia,Bovine Meat,32.087723756,mg_abx
Estonia,Mutton & Goat Meat,203.48058688113207,mg_abx
Estonia,Pigmeat,53.85858790548,mg_abx
Estonia,Poultry Meat,13.208384434589213,mg_abx
Eswatini,Bovine Meat,40.456801137451706,mg_abx
Eswatini,Mutton & Goat Meat,97.87473400377357,mg_abx
Eswatini,Pigmeat,27.436547873126486,mg_abx
Eswatini,Poultry Meat,14.721902230615427,mg_abx
Ethiopia,Bovine Meat,39.46848095916239,mg_abx
Ethiopia,Mutton & Goat Meat,97.87473400377357,mg_abx
Ethiopia,Pigmeat,23.47490543649856,mg_abx
Ethiopia,Poultry Meat,3.642582634140732,mg_abx
Falkland Islands (Malvinas),Bovine Meat,102.51942941914976,mg_abx
Falkland Islands (Malvinas),Mutton & Goat Meat,777.3906488,mg_abx
Faroe Islands,Bovine Meat,135.22841920114973,mg_abx
Faroe Islands,Mutton & Goat Meat,343.8313571943396,mg_abx
Fiji,Bovine Meat,211.1855476724292,mg_abx
Fiji,Mutton & Goat Meat,681.5694554056603,mg_abx
Fiji,Pigmeat,380.5309041732117,mg_abx
Fiji,Poultry Meat,81.11495326745359,mg_abx
Finland,Bovine Meat,13.546838357999999,mg_abx
Finland,Mutton & Goat Meat,26.392332307547164,mg_abx
Finland,Pigmeat,16.596353808,mg_abx
Finland,Poultry Meat,5.395320645472223,mg_abx
France,Bovine Meat,26.356172216,mg_abx
France,Mutton & Goat Meat,171.9399018207547,mg_abx
France,Pigmeat,46.89890595287199,mg_abx
France,Poultry Meat,36.54591906981945,mg_abx
French Guiana,Bovine Meat,102.51942941914976,mg_abx
French Guiana,Mutton & Goat Meat,777.3906488,mg_abx
French Polynesia,Bovine Meat,222.11759606314973,mg_abx
French Polynesia,Mutton & Goat Meat,681.5694554056603,mg_abx
Gabon,Bovine Meat,40.82787654714976,mg_abx
Gabon,Mutton & Goat Meat,97.87473400377357,mg_abx
Gabon,Pigmeat,64.62978295135807,mg_abx
Gabon,Poultry Meat,7.1015252497740065,mg_abx
Gambia,Bovine Meat,40.98401650914976,mg_abx
Gambia,Mutton & Goat Meat,97.87473400377357,mg_abx
Gambia,Pigmeat,21.42421500508476,mg_abx
Gambia,Poultry Meat,8.455610112826054,mg_abx
Georgia,Bovine Meat,135.64125254114975,mg_abx
Georgia,Mutton & Goat Meat,343.8313571943396,mg_abx
Georgia,Pigmeat,183.24822839007436,mg_abx
Georgia,Poultry Meat,17.83350442943052,mg_abx
Germany,Bovine Meat,47.326016314676636,mg_abx
Germany,Mutton & Goat Meat,154.61530127084376,mg_abx
Germany,Pigmeat,72.57102577548602,mg_abx
Germany,Poultry Meat,22.090264655791305,mg_abx
Ghana,Bovine Meat,42.771481925004935,mg_abx
Ghana,Mutton & Goat Meat,97.87473400377357,mg_abx
Ghana,Pigmeat,38.25982968768329,mg_abx
Ghana,Poultry Meat,6.413975129007657,mg_abx
Greece,Bovine Meat,148.81517169,mg_abx
Greece,Mutton & Goat Meat,261.2499464264151,mg_abx
Greece,Pigmeat,182.23014064288265,mg_abx
Greece,Poultry Meat,51.49412185401389,mg_abx
Greenland,Bovine Meat,135.22841920114973,mg_abx
Greenland,Mutton & Goat Meat,343.8313571943396,mg_abx
Grenada,Bovine Meat,103.45153677314977,mg_abx
Grenada,Mutton & Goat Meat,777.3906488,mg_abx
Grenada,Pigmeat,369.4114700806635,mg_abx
Grenada,Poultry Meat,48.99762936869729,mg_abx
Guadeloupe,Bovine Meat,102.51942941914976,mg_abx
Guadeloupe,Mutton & Goat Meat,777.3906488,mg_abx
Guam,Bovine Meat,222.11759606314973,mg_abx
Guam,Mutton & Goat Meat,681.5694554056603,mg_abx
Guatemala,Bovine Meat,102.18539386877488,mg_abx
Guatemala,Mutton & Goat Meat,777.3906488,mg_abx
Guatemala,Pigmeat,227.5586449374042,mg_abx
Guatemala,Poultry Meat,38.221224578362595,mg_abx
Guinea,Bovine Meat,42.01823804711307,mg_abx
Guinea,Mutton & Goat Meat,97.87473400377357,mg_abx
Guinea,Pigmeat,23.10212364405948,mg_abx
Guinea,Poultry Meat,28.92140426457282,mg_abx
Guinea-Bissau,Bovine Meat,42.878818865776694,mg_abx
Guinea-Bissau,Mutton & Goat Meat,97.87473400377357,mg_abx
Guinea-Bissau,Pigmeat,22.813988853952633,mg_abx
Guinea-Bissau,Poultry Meat,8.900863295647145,mg_abx
Guyana,Bovine Meat,105.90477504036582,mg_abx
Guyana,Mutton & Goat Meat,777.3906488,mg_abx
Guyana,Pigmeat,434.3194580267471,mg_abx
Guyana,Poultry Meat,53.84399021148954,mg_abx
Haiti,Bovine Meat,102.36169607122456,mg_abx
Haiti,Mutton & Goat Meat,777.3906488,mg_abx
Haiti,Pigmeat,129.13481570822157,mg_abx
Haiti,Poultry Meat,30.920606131399907,mg_abx
Holy See,Bovine Meat,135.22841920114973,mg_abx
Holy See,Mutton & Goat Meat,343.8313571943396,mg_abx
Honduras,Bovine Meat,102.91312489287712,mg_abx
Honduras,Mutton & Goat Meat,777.3906488,mg_abx
Honduras,Pigmeat,314.9169622401703,mg_abx
Honduras,Poultry Meat,39.75765008592889,mg_abx
Hungary,Bovine Meat,98.772922304,mg_abx
Hungary,Mutton & Goat Meat,350.6539133660377,mg_abx
Hungary,Pigmeat,129.19781127368532,mg_abx
Hungary,Poultry Meat,35.88160501980775,mg_abx
Iceland,Bovine Meat,7.839650994,mg_abx
Iceland,Mutton & Goat Meat,18.178896494339618,mg_abx
Iceland,Pigmeat,9.167175390666666,mg_abx
Iceland,Poultry Meat,3.140227758983614,mg_abx
India,Bovine Meat,227.71207373585128,mg_abx
India,Mutton & Goat Meat,681.5694554056603,mg_abx
India,Pigmeat,179.44185952049781,mg_abx
India,Poultry Meat,59.716007014610845,mg_abx
India_Rice,Crops,0.7208413248033776,mg_abx
Indonesia,Bovine Meat,221.78645210908923,mg_abx
Indonesia,Mutton & Goat Meat,681.5694554056603,mg_abx
Indonesia,Pigmeat,396.21459605513303,mg_abx
Indonesia,Poultry Meat,72.46091445487481,mg_abx
Iran (Islamic Republic of),Bovine Meat,222.17562885460896,mg_abx
Iran (Islamic Republic of),Mutton & Goat Meat,681.6229654601013,mg_abx
Iran (Islamic Republic of),Pigmeat,471.43510125066666,mg_abx
Iran (Islamic Republic of),Poultry Meat,84.51379936430689,mg_abx
Iraq,Bovine Meat,103.58075663114975,mg_abx
Iraq,Mutton & Goat Meat,209.73395230377355,mg_abx
Iraq,Pigmeat,155.64850775466667,mg_abx
Iraq,Poultry Meat,35.93622225540701,mg_abx
Ireland,Bovine Meat,33.516043417999995,mg_abx
Ireland,Mutton & Goat Meat,128.38707032641508,mg_abx
Ireland,Pigmeat,42.95984606816267,mg_abx
Ireland,Poultry Meat,13.737147795888887,mg_abx
Israel,Bovine Meat,138.55898362082442,mg_abx
Israel,Mutton & Goat Meat,343.83183737824993,mg_abx
Israel,Pigmeat,204.852789379859,mg_abx
Israel,Poultry Meat,53.11097729733326,mg_abx
Italy,Bovine Meat,119.721314236,mg_abx
Italy,Mutton & Goat Meat,351.72295837735845,mg_abx
Italy,Pigmeat,165.63899362813868,mg_abx
Italy,Poultry Meat,51.999281146,mg_abx
Jamaica,Bovine Meat,103.34002574636453,mg_abx
Jamaica,Mutton & Goat Meat,777.3906488,mg_abx
Jamaica,Pigmeat,228.35597809775547,mg_abx
Jamaica,Poultry Meat,47.22872660864323,mg_abx
Japan,Bovine Meat,88.88996507800987,mg_abx
Japan,Mutton & Goat Meat,97.86396544339622,mg_abx
Japan,Pigmeat,319.2205183766084,mg_abx
Japan,Poultry Meat,26.20359991533217,mg_abx
Jordan,Bovine Meat,103.5835519529768,mg_abx
Jordan,Mutton & Goat Meat,209.73975091608483,mg_abx
Jordan,Pigmeat,155.64850775466667,mg_abx
Jordan,Poultry Meat,36.18764469766668,mg_abx
Kazakhstan,Bovine Meat,132.40651569,mg_abx
Kazakhstan,Mutton & Goat Meat,343.8313571943396,mg_abx
Kazakhstan,Pigmeat,189.90881056178833,mg_abx
Kazakhstan,Poultry Meat,51.15262036053453,mg_abx
Kenya,Bovine Meat,43.17332252012649,mg_abx
Kenya,Mutton & Goat Meat,97.87473400377357,mg_abx
Kenya,Pigmeat,40.6385361266167,mg_abx
Kenya,Poultry Meat,7.368601577924483,mg_abx
Kiribati,Bovine Meat,222.11759606314973,mg_abx
Kiribati,Mutton & Goat Meat,681.5694554056603,mg_abx
Kiribati,Pigmeat,146.93050763239478,mg_abx
Kiribati,Poultry Meat,44.243020868659315,mg_abx
Kuwait,Bovine Meat,103.59364371130744,mg_abx
Kuwait,Mutton & Goat Meat,209.73406907868116,mg_abx
Kuwait,Pigmeat,155.64850775466667,mg_abx
Kyrgyzstan,Bovine Meat,135.7035022331944,mg_abx
Kyrgyzstan,Mutton & Goat Meat,343.8313571943396,mg_abx
Kyrgyzstan,Pigmeat,92.13812380514068,mg_abx
Kyrgyzstan,Poultry Meat,44.48020905063584,mg_abx
Lao People's Democratic Republic,Bovine Meat,222.9978143004015,mg_abx
Lao People's Democratic Republic,Mutton & Goat Meat,681.5694554056603,mg_abx
Lao People's Democratic Republic,Pigmeat,151.41823830820755,mg_abx
Lao People's Democratic Republic,Poultry Meat,33.37569196841279,mg_abx
Latvia,Bovine Meat,25.946578536,mg_abx
Latvia,Mutton & Goat Meat,142.4275557528302,mg_abx
Latvia,Pigmeat,34.92994335465333,mg_abx
Latvia,Poultry Meat,12.170798844861114,mg_abx
Lebanon,Bovine Meat,93.09139088400848,mg_abx
Lebanon,Mutton & Goat Meat,209.74059488282268,mg_abx
Lebanon,Pigmeat,129.4472443230332,mg_abx
Lebanon,Poultry Meat,32.780784906132254,mg_abx
Lesotho,Bovine Meat,41.602203106557326,mg_abx
Lesotho,Mutton & Goat Meat,97.87473400377357,mg_abx
Lesotho,Pigmeat,27.549548603711436,mg_abx
Lesotho,Poultry Meat,3.4212973336614247,mg_abx
Liberia,Bovine Meat,39.861977073601636,mg_abx
Liberia,Mutton & Goat Meat,97.87473400377357,mg_abx
Liberia,Pigmeat,22.084775572571772,mg_abx
Liberia,Poultry Meat,6.968337045456051,mg_abx
Libya,Bovine Meat,41.85109021114976,mg_abx
Libya,Mutton & Goat Meat,97.87473400377357,mg_abx
Libya,Pigmeat,73.30152828799999,mg_abx
Libya,Poultry Meat,17.815701852092797,mg_abx
Liechtenstein,Bovine Meat,135.226486834,mg_abx
Liechtenstein,Mutton & Goat Meat,343.8313571943396,mg_abx
Lithuania,Bovine Meat,15.119202372,mg_abx
Lithuania,Mutton & Goat Meat,57.801770143396226,mg_abx
Lithuania,Pigmeat,19.595827966599998,mg_abx
Lithuania,Poultry Meat,6.729182105886769,mg_abx
Luxembourg,Bovine Meat,21.587681644,mg_abx
Luxembourg,Mutton & Goat Meat,92.08701345471698,mg_abx
Luxembourg,Pigmeat,27.201016165333336,mg_abx
Luxembourg,Poultry Meat,8.842842488695297,mg_abx
Madagascar,Bovine Meat,44.2588423099259,mg_abx
Madagascar,Mutton & Goat Meat,97.87473400377357,mg_abx
Madagascar,Pigmeat,41.53359143488631,mg_abx
Madagascar,Poultry Meat,9.784437157987142,mg_abx
Malawi,Bovine Meat,42.46534370662346,mg_abx
Malawi,Mutton & Goat Meat,97.87473400377357,mg_abx
Malawi,Pigmeat,22.332469242793607,mg_abx
Malawi,Poultry Meat,5.316152153975939,mg_abx
Malaysia,Bovine Meat,222.17699287282858,mg_abx
Malaysia,Mutton & Goat Meat,681.5694554056603,mg_abx
Malaysia,Pigmeat,471.3829285572642,mg_abx
Malaysia,Poultry Meat,88.56948055249616,mg_abx
Maldives,Bovine Meat,222.11759606314973,mg_abx
Maldives,Mutton & Goat Meat,681.5694554056603,mg_abx
Maldives,Pigmeat,471.43510125066666,mg_abx
Maldives,Poultry Meat,87.34822429421791,mg_abx
Mali,Bovine Meat,41.24420148114976,mg_abx
Mali,Mutton & Goat Meat,97.87473400377357,mg_abx
Mali,Pigmeat,38.04991668242313,mg_abx
Mali,Poultry Meat,3.9358631064928966,mg_abx
Malta,Bovine Meat,93.03960304,mg_abx
Malta,Mutton & Goat Meat,262.1986048169811,mg_abx
Malta,Pigmeat,134.59641393466669,mg_abx
Malta,Poultry Meat,39.35850751875784,mg_abx
Marshall Islands,Bovine Meat,222.11759606314973,mg_abx
Marshall Islands,Mutton & Goat Meat,681.5694554056603,mg_abx
Marshall Islands,Pigmeat,255.9111342898593,mg_abx
Marshall Islands,Poultry Meat,75.91346447213567,mg_abx
Martinique,Bovine Meat,102.51942941914976,mg_abx
Martinique,Mutton & Goat Meat,777.3906488,mg_abx
Mauritania,Bovine Meat,41.85109021114976,mg_abx
Mauritania,Mutton & Goat Meat,97.87473400377357,mg_abx
Mauritania,Pigmeat,73.30152828799999,mg_abx
Mauritania,Poultry Meat,8.122181067008771,mg_abx
Mauritius,Bovine Meat,35.356207669149754,mg_abx
Mauritius,Mutton & Goat Meat,97.87473400377357,mg_abx
Mauritius,Pigmeat,17.80356106839811,mg_abx
Mauritius,Poultry Meat,14.274160708216868,mg_abx
Mayotte,Bovine Meat,41.85109021114976,mg_abx
Mayotte,Mutton & Goat Meat,97.87473400377357,mg_abx
Mayotte,Pigmeat,73.30152828799999,mg_abx
Mexico,Bovine Meat,101.59908800538932,mg_abx
Mexico,Mutton & Goat Meat,777.3906488,mg_abx
Mexico,Pigmeat,207.9630046052946,mg_abx
Mexico,Poultry Meat,46.93431717766345,mg_abx
Micronesia (Federated States of),Bovine Meat,222.11759606314973,mg_abx
Micronesia (Federated States of),Mutton & Goat Meat,681.5694554056603,mg_abx
Micronesia (Federated States of),Pigmeat,172.3222837751195,mg_abx
Micronesia (Federated States of),Poultry Meat,60.34922167715333,mg_abx
Monaco,Bovine Meat,135.22841920114973,mg_abx
Monaco,Mutton & Goat Meat,343.8313571943396,mg_abx
Mongolia,Bovine Meat,224.9261717001723,mg_abx
Mongolia,Mutton & Goat Meat,681.5694554056603,mg_abx
Mongolia,Pigmeat,391.2872492482471,mg_abx
Mongolia,Poultry Meat,85.51861653772707,mg_abx
Montenegro,Bovine Meat,137.3329922570553,mg_abx
Montenegro,Mutton & Goat Meat,344.16093908781625,mg_abx
Montenegro,Pigmeat,87.60048401300533,mg_abx
Montenegro,Poultry Meat,52.13075997990959,mg_abx
Montserrat,Bovine Meat,102.51942941914976,mg_abx
Montserrat,Mutton & Goat Meat,777.3906488,mg_abx
Morocco,Bovine Meat,34.11557912863957,mg_abx
Morocco,Mutton & Goat Meat,97.87473400377357,mg_abx
Morocco,Pigmeat,48.750959729167455,mg_abx
Morocco,Poultry Meat,12.048572932078216,mg_abx
Mozambique,Bovine Meat,42.157720310043445,mg_abx
Mozambique,Mutton & Goat Meat,97.87473400377357,mg_abx
Mozambique,Pigmeat,21.90252524997217,mg_abx
Mozambique,Poultry Meat,4.642224725719825,mg_abx
Myanmar,Bovine Meat,227.83322890437566,mg_abx
Myanmar,Mutton & Goat Meat,681.5694554056603,mg_abx
Myanmar,Pigmeat,112.9238607281628,mg_abx
Myanmar,Poultry Meat,32.19693129560567,mg_abx
Namibia,Bovine Meat,42.45025754104035,mg_abx
Namibia,Mutton & Goat Meat,97.87473400377357,mg_abx
Namibia,Pigmeat,35.253879411138975,mg_abx
Namibia,Poultry Meat,8.333807091380244,mg_abx
Nauru,Bovine Meat,222.11759606314973,mg_abx
Nauru,Mutton & Goat Meat,681.5694554056603,mg_abx
Nauru,Pigmeat,397.04475254484964,mg_abx
Nauru,Poultry Meat,84.99504798492119,mg_abx
Nepal,Bovine Meat,226.32758289714974,mg_abx
Nepal,Mutton & Goat Meat,681.5694554056603,mg_abx
Nepal,Pigmeat,255.24977878181437,mg_abx
Nepal,Poultry Meat,76.40830673347611,mg_abx
Netherlands,Bovine Meat,81.62783522199999,mg_abx
Netherlands,Mutton & Goat Meat,81.34385771320754,mg_abx
Netherlands,Pigmeat,28.168828480000002,mg_abx
Netherlands,Poultry Meat,8.346385295319445,mg_abx
Netherlands Antilles (former),Bovine Meat,102.51942941914976,mg_abx
Netherlands Antilles (former),Mutton & Goat Meat,777.3906488,mg_abx
New Caledonia,Bovine Meat,222.11759606314973,mg_abx
New Caledonia,Mutton & Goat Meat,681.5694554056603,mg_abx
New Zealand,Bovine Meat,10.30439463081575,mg_abx
New Zealand,Mutton & Goat Meat,38.7141090001979,mg_abx
New Zealand,Pigmeat,25.242452293918852,mg_abx
New Zealand,Poultry Meat,3.9900227368079406,mg_abx
Nicaragua,Bovine Meat,102.7625028242964,mg_abx
Nicaragua,Mutton & Goat Meat,777.3906488,mg_abx
Nicaragua,Pigmeat,203.5388182486511,mg_abx
Nicaragua,Poultry Meat,41.87588511088694,mg_abx
Niger,Bovine Meat,42.92096046314976,mg_abx
Niger,Mutton & Goat Meat,97.87473400377357,mg_abx
Niger,Pigmeat,35.31173949221436,mg_abx
Niger,Poultry Meat,3.767311471799351,mg_abx
Nigeria,Bovine Meat,43.791009799414404,mg_abx
Nigeria,Mutton & Goat Meat,97.87473400377357,mg_abx
Nigeria,Pigmeat,20.065633450010232,mg_abx
Nigeria,Poultry Meat,7.450539686510952,mg_abx
Niue,Bovine Meat,222.11759606314973,mg_abx
Niue,Mutton & Goat Meat,681.5694554056603,mg_abx
North Macedonia,Bovine Meat,137.20134743265362,mg_abx
North Macedonia,Mutton & Goat Meat,343.9122082010696,mg_abx
North Macedonia,Pigmeat,187.6855380664332,mg_abx
North Macedonia,Poultry Meat,52.21547180138416,mg_abx
Northern Mariana Islands,Bovine Meat,222.11759606314973,mg_abx
Northern Mariana Islands,Mutton & Goat Meat,681.5694554056603,mg_abx
Norway,Bovine Meat,7.39803249,mg_abx
Norway,Mutton & Goat Meat,14.863181894339622,mg_abx
Norway,Pigmeat,8.751056405715998,mg_abx
Norway,Poultry Meat,3.1153565374999994,mg_abx
Occupied Palestinian Territory,Bovine Meat,103.58075663114975,mg_abx
Occupied Palestinian Territory,Mutton & Goat Meat,209.73395230377355,mg_abx
Occupied Palestinian Territory,Pigmeat,80.89399032639892,mg_abx
Occupied Palestinian Territory,Poultry Meat,31.564186346773077,mg_abx
Oman,Bovine Meat,103.58075663114975,mg_abx
Oman,Mutton & Goat Meat,209.73395230377355,mg_abx
Oman,Pigmeat,155.64850775466667,mg_abx
Oman,Poultry Meat,39.479575831231,mg_abx
Pakistan,Bovine Meat,222.12342073030058,mg_abx
Pakistan,Mutton & Goat Meat,681.5694554056603,mg_abx
Pakistan,Pigmeat,471.43510125066666,mg_abx
Pakistan,Poultry Meat,57.85363803080462,mg_abx
Palau,Bovine Meat,222.11759606314973,mg_abx
Palau,Mutton & Goat Meat,681.5694554056603,mg_abx
Palau,Pigmeat,416.74872475119116,mg_abx
Palau,Poultry Meat,85.94187311552881,mg_abx
Panama,Bovine Meat,102.55343016155956,mg_abx
Panama,Mutton & Goat Meat,777.3906488,mg_abx
Panama,Pigmeat,266.2889671692924,mg_abx
Panama,Poultry Meat,49.23024295380546,mg_abx
Papua New Guinea,Bovine Meat,217.49123981876997,mg_abx
Papua New Guinea,Mutton & Goat Meat,681.5694554056603,mg_abx
Papua New Guinea,Pigmeat,102.70795059461905,mg_abx
Papua New Guinea,Poultry Meat,62.71151163694694,mg_abx
Paraguay,Bovine Meat,101.87509398544552,mg_abx
Paraguay,Mutton & Goat Meat,777.3906488,mg_abx
Paraguay,Pigmeat,157.13841850914832,mg_abx
Paraguay,Poultry Meat,47.01472047777762,mg_abx
Peru,Bovine Meat,102.57917735652711,mg_abx
Peru,Mutton & Goat Meat,777.3906488,mg_abx
Peru,Pigmeat,80.02092898236987,mg_abx
Peru,Poultry Meat,45.38289825800223,mg_abx
Philippines,Bovine Meat,227.46953872864043,mg_abx
Philippines,Mutton & Goat Meat,681.5694554056603,mg_abx
Philippines,Pigmeat,201.7074429282925,mg_abx
Philippines,Poultry Meat,36.50806915987776,mg_abx
Poland,Bovine Meat,122.46384162,mg_abx
Poland,Mutton & Goat Meat,2049.5390438886793,mg_abx
Poland,Pigmeat,172.23422336955733,mg_abx
Poland,Poultry Meat,47.99275834623619,mg_abx
Portugal,Bovine Meat,124.286428574,mg_abx
Portugal,Mutton & Goat Meat,610.6591974471698,mg_abx
Portugal,Pigmeat,190.579169151264,mg_abx
Portugal,Poultry Meat,53.51110508843776,mg_abx
Puerto Rico,Bovine Meat,102.51942941914976,mg_abx
Puerto Rico,Mutton & Goat Meat,777.3906488,mg_abx
Puerto Rico,Pigmeat,377.3446966008453,mg_abx
Puerto Rico,Poultry Meat,49.29645970639528,mg_abx
Qatar,Bovine Meat,103.58075663114975,mg_abx
Qatar,Mutton & Goat Meat,209.73395230377355,mg_abx
Qatar,Pigmeat,155.64850775466667,mg_abx
Qatar,Poultry Meat,37.63846496384021,mg_abx
Republic of Korea,Bovine Meat,133.98839860005563,mg_abx
Republic of Korea,Mutton & Goat Meat,99.70959202997074,mg_abx
Republic of Korea,Pigmeat,286.06964971289744,mg_abx
Republic of Korea,Poultry Meat,112.3802502935005,mg_abx
Republic of Moldova,Bovine Meat,165.655549938086,mg_abx
Republic of Moldova,Mutton & Goat Meat,344.02533027693767,mg_abx
Republic of Moldova,Pigmeat,228.3609742270036,mg_abx
Republic of Moldova,Poultry Meat,58.87021728179416,mg_abx
Romania,Bovine Meat,99.30187462800001,mg_abx
Romania,Mutton & Goat Meat,274.74415128679243,mg_abx
Romania,Pigmeat,70.985067392832,mg_abx
Romania,Poultry Meat,37.51582702096468,mg_abx
Russian Federation,Bovine Meat,129.60272317989543,mg_abx
Russian Federation,Mutton & Goat Meat,343.83226779159867,mg_abx
Russian Federation,Pigmeat,131.78005706319618,mg_abx
Russian Federation,Poultry Meat,50.507307706329726,mg_abx
Rwanda,Bovine Meat,41.946941278,mg_abx
Rwanda,Mutton & Goat Meat,97.87473400377357,mg_abx
Rwanda,Pigmeat,23.47867445028257,mg_abx
Rwanda,Poultry Meat,4.589934677222222,mg_abx
Réunion,Bovine Meat,41.85109021114976,mg_abx
Réunion,Mutton & Goat Meat,97.87473400377357,mg_abx
"Saint Helena, Ascension and Tristan da Cunha",Bovine Meat,41.85109021114976,mg_abx
"Saint Helena, Ascension and Tristan da Cunha",Mutton & Goat Meat,97.87473400377357,mg_abx
Saint Kitts and Nevis,Bovine Meat,103.99966412314976,mg_abx
Saint Kitts and Nevis,Mutton & Goat Meat,777.3906488,mg_abx
Saint Kitts and Nevis,Pigmeat,429.6506007691641,mg_abx
Saint Kitts and Nevis,Poultry Meat,51.02117157893863,mg_abx
Saint Lucia,Bovine Meat,103.10399417114976,mg_abx
Saint Lucia,Mutton & Goat Meat,777.3906488,mg_abx
Saint Lucia,Pigmeat,352.20386563245665,mg_abx
Saint Lucia,Poultry Meat,48.37955820036079,mg_abx
Saint Pierre and Miquelon,Bovine Meat,102.51942941914976,mg_abx
Saint Pierre and Miquelon,Mutton & Goat Meat,777.3906488,mg_abx
Saint Vincent and the Grenadines,Bovine Meat,103.32005827914975,mg_abx
Saint Vincent and the Grenadines,Mutton & Goat Meat,777.3906488,mg_abx
Saint Vincent and the Grenadines,Pigmeat,364.96503044062297,mg_abx
Saint Vincent and the Grenadines,Poultry Meat,48.81818985843179,mg_abx
Samoa,Bovine Meat,102.51942941914976,mg_abx
Samoa,Mutton & Goat Meat,777.3906488,mg_abx
Samoa,Pigmeat,137.7340145973824,mg_abx
Samoa,Poultry Meat,17.887493085555555,mg_abx
San Marino,Bovine Meat,135.22841920114973,mg_abx
San Marino,Mutton & Goat Meat,343.8313571943396,mg_abx
Sao Tome and Principe,Bovine Meat,39.30843348914976,mg_abx
Sao Tome and Principe,Mutton & Goat Meat,97.87473400377357,mg_abx
Sao Tome and Principe,Pigmeat,20.353234844133333,mg_abx
Sao Tome and Principe,Poultry Meat,11.647579362523382,mg_abx
Saudi Arabia,Bovine Meat,103.64126601964877,mg_abx
Saudi Arabia,Mutton & Goat Meat,209.74129759901314,mg_abx
Saudi Arabia,Pigmeat,155.64850775466667,mg_abx
Saudi Arabia,Poultry Meat,37.55836108048488,mg_abx
Senegal,Bovine Meat,41.42840651714976,mg_abx
Senegal,Mutton & Goat Meat,97.87473400377357,mg_abx
Senegal,Pigmeat,26.417938082155562,mg_abx
Senegal,Poultry Meat,7.573996728098243,mg_abx
Serbia,Bovine Meat,81.7445330079633,mg_abx
Serbia,Mutton & Goat Meat,173.62689325406262,mg_abx
Serbia,Pigmeat,95.50674886510353,mg_abx
Serbia,Poultry Meat,27.24765262990259,mg_abx
Seychelles,Bovine Meat,41.85109021114976,mg_abx
Seychelles,Mutton & Goat Meat,97.87473400377357,mg_abx
Seychelles,Pigmeat,71.9048624921437,mg_abx
Seychelles,Poultry Meat,16.202761268127954,mg_abx
Sierra Leone,Bovine Meat,41.90295499960074,mg_abx
Sierra Leone,Mutton & Goat Meat,97.87473400377357,mg_abx
Sierra Leone,Pigmeat,22.91840134322623,mg_abx
Sierra Leone,Poultry Meat,10.656763907622294,mg_abx
Singapore,Bovine Meat,222.11759606314973,mg_abx
Singapore,Mutton & Goat Meat,681.5694554056603,mg_abx
Singapore,Pigmeat,471.14930054387025,mg_abx
Singapore,Poultry Meat,89.18783236027292,mg_abx
Slovakia,Bovine Meat,32.727720598,mg_abx
Slovakia,Mutton & Goat Meat,175.51765696037737,mg_abx
Slovakia,Pigmeat,55.495342722682665,mg_abx
Slovakia,Poultry Meat,12.019619936944444,mg_abx
Slovenia,Bovine Meat,25.97282869,mg_abx
Slovenia,Mutton & Goat Meat,156.89669328113206,mg_abx
Slovenia,Pigmeat,26.136981906372,mg_abx
Slovenia,Poultry Meat,9.513048009777778,mg_abx
Solomon Islands,Bovine Meat,222.11759606314973,mg_abx
Solomon Islands,Mutton & Goat Meat,681.5694554056603,mg_abx
Solomon Islands,Pigmeat,153.92207112518835,mg_abx
Solomon Islands,Poultry Meat,49.86913692159976,mg_abx
Somalia,Bovine Meat,41.85109021114976,mg_abx
Somalia,Mutton & Goat Meat,97.87473400377357,mg_abx
Somalia,Pigmeat,21.80409695680494,mg_abx
Somalia,Poultry Meat,5.484110150077418,mg_abx
South Africa,Bovine Meat,42.91056942494915,mg_abx
South Africa,Mutton & Goat Meat,97.87473400377357,mg_abx
South Africa,Pigmeat,64.3390571097905,mg_abx
South Africa,Poultry Meat,13.998655947508276,mg_abx
South Sudan,Bovine Meat,41.85109021114976,mg_abx
South Sudan,Mutton & Goat Meat,97.87473400377357,mg_abx
Spain,Bovine Meat,105.34573045,mg_abx
Spain,Mutton & Goat Meat,563.7194295018867,mg_abx
Spain,Pigmeat,128.60647181730667,mg_abx
Spain,Poultry Meat,41.151669741472226,mg_abx
Sri Lanka,Bovine Meat,207.3546338223722,mg_abx
Sri Lanka,Mutton & Goat Meat,681.5694554056603,mg_abx
Sri Lanka,Pigmeat,251.96406757259453,mg_abx
Sri Lanka,Poultry Meat,75.15479271115649,mg_abx
Sudan,Bovine Meat,41.854310811692365,mg_abx
Sudan,Mutton & Goat Meat,97.87473400377357,mg_abx
Sudan,Pigmeat,73.30152828799999,mg_abx
Sudan,Poultry Meat,11.693573122535351,mg_abx
Suriname,Bovine Meat,103.43044803993007,mg_abx
Suriname,Mutton & Goat Meat,777.3906488,mg_abx
Suriname,Pigmeat,372.01583647221736,mg_abx
Suriname,Poultry Meat,49.80570312879311,mg_abx
Sweden,Bovine Meat,9.341836795999999,mg_abx
Sweden,Mutton & Goat Meat,19.79320541698113,mg_abx
Sweden,Pigmeat,12.068381873886668,mg_abx
Sweden,Poultry Meat,4.087611334138889,mg_abx
Switzerland,Bovine Meat,34.23401931068541,mg_abx
Switzerland,Mutton & Goat Meat,78.3853528881629,mg_abx
Switzerland,Pigmeat,40.14968316393335,mg_abx
Switzerland,Poultry Meat,15.456756761108368,mg_abx
Syrian Arab Republic,Bovine Meat,103.58075663114975,mg_abx
Syrian Arab Republic,Mutton & Goat Meat,209.73395230377355,mg_abx
Syrian Arab Republic,Pigmeat,155.64850775466667,mg_abx
Syrian Arab Republic,Poultry Meat,34.69828164497917,mg_abx
Tajikistan,Bovine Meat,151.36375682514975,mg_abx
Tajikistan,Mutton & Goat Meat,343.8313571943396,mg_abx
Tajikistan,Pigmeat,92.0301488612428,mg_abx
Tajikistan,Poultry Meat,81.82926710100895,mg_abx
Thailand,Bovine Meat,583.020439293467,mg_abx
Thailand,Mutton & Goat Meat,4746.565935339622,mg_abx
Thailand,Pigmeat,1029.021925505323,mg_abx
Thailand,Poultry Meat,204.80981018955043,mg_abx
Timor-Leste,Bovine Meat,2.415783452072584,mg_abx
Timor-Leste,Mutton & Goat Meat,3.516108732075472,mg_abx
Timor-Leste,Pigmeat,1.367327648891046,mg_abx
Timor-Leste,Poultry Meat,1.9906509147010978,mg_abx
Togo,Bovine Meat,40.69003934164931,mg_abx
Togo,Mutton & Goat Meat,97.87473400377357,mg_abx
Togo,Pigmeat,23.31685133498773,mg_abx
Togo,Poultry Meat,8.390186211914695,mg_abx
Tokelau,Bovine Meat,222.11759606314973,mg_abx
Tokelau,Mutton & Goat Meat,681.5694554056603,mg_abx
Tonga,Bovine Meat,222.11759606314973,mg_abx
Tonga,Mutton & Goat Meat,681.5694554056603,mg_abx
Tonga,Pigmeat,262.04922040834106,mg_abx
Tonga,Poultry Meat,76.50343709252314,mg_abx
Trinidad and Tobago,Bovine Meat,104.06043463766292,mg_abx
Trinidad and Tobago,Mutton & Goat Meat,777.3906488,mg_abx
Trinidad and Tobago,Pigmeat,427.31427561992183,mg_abx
Trinidad and Tobago,Poultry Meat,50.94934965989779,mg_abx
Tunisia,Bovine Meat,33.41141751514976,mg_abx
Tunisia,Mutton & Goat Meat,97.87473400377357,mg_abx
Tunisia,Pigmeat,56.47049713480793,mg_abx
Tunisia,Poultry Meat,7.7583064539930575,mg_abx
Turkey,Bovine Meat,135.23432277430885,mg_abx
Turkey,Mutton & Goat Meat,343.8338885276393,mg_abx
Turkey,Pigmeat,196.989929875205,mg_abx
Turkey,Poultry Meat,52.06909296083763,mg_abx
Turkmenistan,Bovine Meat,141.66935531714975,mg_abx
Turkmenistan,Mutton & Goat Meat,343.8313571943396,mg_abx
Turks and Caicos Islands,Bovine Meat,102.51942941914976,mg_abx
Turks and Caicos Islands,Mutton & Goat Meat,777.3906488,mg_abx
Turks and Caicos Islands,Pigmeat,360.36849052727666,mg_abx
Turks and Caicos Islands,Poultry Meat,48.59248688209001,mg_abx
Tuvalu,Bovine Meat,222.11759606314973,mg_abx
Tuvalu,Mutton & Goat Meat,681.5694554056603,mg_abx
Tuvalu,Pigmeat,220.50862568207086,mg_abx
Tuvalu,Poultry Meat,71.6478223157998,mg_abx
Uganda,Bovine Meat,43.61842902892983,mg_abx
Uganda,Mutton & Goat Meat,97.87473400377357,mg_abx
Uganda,Pigmeat,23.624665748694053,mg_abx
Uganda,Poultry Meat,4.725509627035283,mg_abx
Ukraine,Bovine Meat,132.71387721587848,mg_abx
Ukraine,Mutton & Goat Meat,343.9743860621672,mg_abx
Ukraine,Pigmeat,95.06336601463707,mg_abx
Ukraine,Poultry Meat,20.99126255029407,mg_abx
United Arab Emirates,Bovine Meat,103.58075663114975,mg_abx
United Arab Emirates,Mutton & Goat Meat,209.73395230377355,mg_abx
United Arab Emirates,Pigmeat,155.64850775466667,mg_abx
United Arab Emirates,Poultry Meat,48.61006361461703,mg_abx
United Kingdom of Great Britain and Northern Ireland,Bovine Meat,41.128181363548,mg_abx
United Kingdom of Great Britain and Northern Ireland,Mutton & Goat Meat,82.77374941780323,mg_abx
United Kingdom of Great Britain and Northern Ireland,Pigmeat,8.020149827335306,mg_abx
United Kingdom of Great Britain and Northern Ireland,Poultry Meat,0.6657817277661946,mg_abx
United Republic of Tanzania,Bovine Meat,42.0213027015707,mg_abx
United Republic of Tanzania,Mutton & Goat Meat,97.87473400377357,mg_abx
United Republic of Tanzania,Pigmeat,68.06696399492813,mg_abx
United Republic of Tanzania,Poultry Meat,7.270443206084193,mg_abx
United States Virgin Islands,Bovine Meat,102.51942941914976,mg_abx
United States Virgin Islands,Mutton & Goat Meat,777.3906488,mg_abx
United States of America,Bovine Meat,89.14917525634391,mg_abx
United States of America,Mutton & Goat Meat,206.97695987046635,mg_abx
United States of America,Pigmeat,129.3850116062678,mg_abx
United States of America,Poultry Meat,4.379226558761149,mg_abx
United States of America_Corn,Crops,0.0,mg_abx
United States of America_Orchards_and_grapes,Crops,2.8460786677228143,mg_abx
United States of America_Other_crops,Crops,0.0035957803059723,mg_abx
United States of America_Rice,Crops,0.0,mg_abx
United States of America_Soybeans,Crops,0.0,mg_abx
United States of America_Vegetables_and_fruit,Crops,0.0009532568736422865,mg_abx
United States of America_Wheat,Crops,0.0,mg_abx
Uruguay,Bovine Meat,102.20885881599955,mg_abx
Uruguay,Mutton & Goat Meat,777.3906488,mg_abx
Uruguay,Pigmeat,296.3868688123522,mg_abx
Uruguay,Poultry Meat,48.54144456850824,mg_abx
Uzbekistan,Bovine Meat,137.88475289514975,mg_abx
Uzbekistan,Mutton & Goat Meat,343.8313571943396,mg_abx
Uzbekistan,Pigmeat,135.93577403934933,mg_abx
Uzbekistan,Poultry Meat,55.049081500002586,mg_abx
Vanuatu,Bovine Meat,222.11843015233387,mg_abx
Vanuatu,Mutton & Goat Meat,681.5694554056603,mg_abx
Vanuatu,Pigmeat,160.4089022000834,mg_abx
Vanuatu,Poultry Meat,54.65887845751898,mg_abx
Venezuela (Bolivarian Republic of),Bovine Meat,102.02172060238502,mg_abx
Venezuela (Bolivarian Republic of),Mutton & Goat Meat,777.3906488,mg_abx
Viet Nam,Bovine Meat,222.21239623050127,mg_abx
Viet Nam,Mutton & Goat Meat,681.5694554056603,mg_abx
Viet Nam,Pigmeat,169.8663812012428,mg_abx
Viet Nam,Poultry Meat,39.893989160970825,mg_abx
Wallis and Futuna Islands,Bovine Meat,222.11759606314973,mg_abx
Wallis and Futuna Islands,Mutton & Goat Meat,681.5694554056603,mg_abx
Western Sahara,Bovine Meat,41.85109021114976,mg_abx
Western Sahara,Mutton & Goat Meat,97.87473400377357,mg_abx
Yemen,Bovine Meat,103.58075663114975,mg_abx
Yemen,Mutton & Goat Meat,209.73395230377355,mg_abx
Yemen,Pigmeat,155.64850775466667,mg_abx
Yemen,Poultry Meat,35.572276675897804,mg_abx
Zambia,Bovine Meat,42.12863383549006,mg_abx
Zambia,Mutton & Goat Meat,97.87473400377357,mg_abx
Zambia,Pigmeat,26.52303215008522,mg_abx
Zambia,Poultry Meat,10.995694559506415,mg_abx
Zimbabwe,Bovine Meat,43.09298995382467,mg_abx
Zimbabwe,Mutton & Goat Meat,97.87473400377357,mg_abx
Zimbabwe,Pigmeat,44.16016206855629,mg_abx
Zimbabwe,Poultry Meat,12.704179675199326,mg_abx
catfish,Aquatic animals,157.00000000000003,mg_abx
pooled,Aquatic animals,208.0,mg_abx
salmon,Aquatic animals,27.000000000000004,mg_abx
shrimp,Aquatic animals,46.0,mg_abx
tilapia,Aquatic animals,59.0,mg_abx
trout,Aquatic animals,103.0,mg_abx
